No,名称,北緯,東経,所在地
1,黄金岬,43.9466666,141.6288888,北海道留萌市
2,千望台,43.9216666,141.6536111,北海道留萌市
3,かもめ島,41.8680555,140.1136111,北海道江差町
4,馬坂,41.8672222,140.1272222,北海道江差町
5,ワイン城,42.9188888,143.4575,北海道池田町
6,古牧温泉渋沢公園（カッパ沼）,40.6597222,141.3538888,青森県三沢市
7,岡崎,40.6438888,139.9177777,青森県深浦町
8,千畳敷,40.7683333,140.0525,青森県深浦町
9,子の口（奥入瀬渓流）,40.4786111,140.9397222,青森県十和田市
10,男鹿国定公園（入道崎）,40.0058333,139.7016666,秋田県男鹿市
11,道の駅象潟（ねむの丘）,39.22,139.9,秋田県にかほ市
12,象潟海岸,39.2063888,139.8947222,秋田県にかほ市
13,日和山公園,38.9191666,139.8277777,山形県酒田市
14,飛島,39.1938888,139.5480555,山形県酒田市
15,湯野浜海岸,38.7783333,139.7488888,山形県鶴岡市
16,鏡ヶ浦（北条海岸）,34.9991666,139.8586111,千葉県館山市
17,刑部岬,35.6933333,140.7377777,千葉県旭市
18,横浜ランドマークタワー（69階展望フロア「スカイガーデン」）,35.4544444,139.6313888,神奈川県横浜市
19,七浦海岸,37.9811111,138.2286111,新潟県佐渡市
20,尖閣湾,38.0836111,138.2394444,新潟県佐渡市
21,黒部海岸,36.8969444,137.4094444,富山県黒部市
22,禄剛埼,37.5288888,137.3263888,石川県珠洲市
23,仁江の海岸,37.4863888,137.1136111,石川県珠洲市
24,東尋坊,36.2375,136.1263888,福井県坂井市
25,三国サンセットビーチ,36.2227777,136.1347222,福井県坂井市
26,越前岬,35.9819444,135.9586111,福井県越前町
27,若狭和田海岸,35.4919444,135.5722222,福井県高浜町
28,城山公園,35.4947222,135.5527777,福井県高浜町
29,見晴台,36.9347222,138.4580555,長野県野沢温泉村
30,大田子海岸,34.8105555,138.7655555,静岡県西伊豆町
31,堂ヶ島海岸,34.7769444,138.7661111,静岡県西伊豆町
32,夕日と風が見えるん台,34.5969444,138.2194444,静岡県御前崎市
33,万葉の丘,34.6677777,137.0033333,愛知県南知多町
34,賢島大橋,34.3113888,136.8169444,三重県志摩市
35,西山慕情ヶ丘,34.3,136.8358333,三重県志摩市
36,磯笛峠展望台,34.3025,136.7294444,三重県志摩市
37,目戸山海岸,34.2947222,136.7536111,三重県志摩市
38,びわ湖岸道路,35.37,136.2713888,滋賀県長浜市
39,豊公園,35.3772222,136.2611111,滋賀県長浜市
40,夕日ヶ浦海岸,35.6625,134.9647222,京都府京丹後市
41,梅田スカイビル空中庭園展望台,34.7055555,135.4905555,大阪府大阪市北区
42,四天王寺,34.655,135.5144444,大阪府大阪市天王寺区
43,WTCコスモタワー展望台,34.6377777,135.4144444,大阪府大阪市住之江区
44,舞洲スポーツアイランド（新夕陽ヶ丘、シーサイドプロムナード）,34.6633333,135.3913888,大阪府大阪市此花区
45,旧港,34.4675,135.3702777,大阪府岸和田市
46,岸和田城,34.4588888,135.3708333,大阪府岸和田市
47,関西国際空港島（展望ホール、エアロプラザ、ホテル日航関西空港）,34.4344444,135.2444444,大阪府泉佐野市
48,サザンビーチ,34.3802777,135.2605555,大阪府泉南市
49,マーブルビーチ,34.4022222,135.2880555,大阪府泉南市
50,長松海岸からせんなん里海公園周辺,34.3366666,135.1916666,大阪府岬町
51,妙見山 (能勢),34.9288888,135.4672222,大阪府豊能町、能勢町
52,室津,34.5169444,134.8752777,兵庫県淡路市
53,富島,34.5477777,134.9322222,兵庫県淡路市
54,慶野松原,34.3419444,134.7383333,兵庫県南あわじ市
55,姫路市立美術館,34.8394444,134.6963888,兵庫県姫路市
56,播磨高原東小学校,34.9383333,134.4447222,兵庫県たつの市
57,テクノ中央交差点,34.9313888,134.4425,兵庫県たつの市
58,赤穂御崎,34.7266666,134.4080555,兵庫県赤穂市
59,平城宮朱雀門,34.6863888,135.7941666,奈良県奈良市
60,東大寺二月堂,34.6891666,135.8441666,奈良県奈良市
61,和歌浦,34.1836111,135.1708333,和歌山県和歌山市
62,雑賀崎,34.1902777,135.1391666,和歌山県和歌山市
63,白崎海洋公園,33.9766666,135.0708333,和歌山県由良町
64,戸津井漁港,33.9894444,135.0922222,和歌山県由良町
65,円月島（瀬戸）,33.6902777,135.3397222,和歌山県白浜町
66,白良浜,33.6825,135.3441666,和歌山県白浜町
67,大門,34.2127777,135.5727777,和歌山県高野町
68,潮岬,33.4375,135.7544444,和歌山県串本町
69,鳥取砂丘,35.5427777,134.2369444,鳥取県鳥取市
70,島根県立美術館,35.4594444,133.0525,島根県松江市
71,道の駅キララ多伎,35.2905555,132.6322222,島根県出雲市
72,鷲羽山,34.4355555,133.8122222,岡山県倉敷市
73,牛窓町フェリー乗り場,34.6144444,134.165,岡山県瀬戸内市
74,天神社,34.6227777,134.1722222,岡山県瀬戸内市
75,大阪城築城残石群展望台,34.6091666,134.1883333,岡山県瀬戸内市
76,原爆ドーム,34.3955555,132.4536111,広島県広島市
77,笠山,34.4494444,131.4019444,山口県萩市
78,菊ヶ浜,34.4169444,131.3897222,山口県萩市
79,きららビーチ焼野,33.9475,131.1655555,山口県山陽小野田市
80,竜王山公園,33.9522222,131.1683333,山口県山陽小野田市
81,夕陽ヶ丘から屋形崎,34.5208333,134.2188888,香川県土庄町
82,三都半島,34.4155555,134.2333333,香川県小豆島町
83,屋島,34.3583333,134.0988888,香川県高松市
84,女木島,34.3966666,134.0502777,香川県高松市
85,琴弾公園内の有明浜と展望台,34.1336111,133.6397222,香川県観音寺市
86,仁尾海岸緑地,34.1958333,133.6422222,香川県三豊市
87,父母ヶ浜海岸,34.1891666,133.6483333,香川県三豊市
88,紫雲出山山頂展望台,34.2436111,133.5952777,香川県三豊市
89,鴨ノ越,34.2225,133.6116666,香川県三豊市
90,恋人岬,33.6861111,132.6341666,愛媛県伊予市
91,上灘漁港,33.6886111,132.6366666,愛媛県伊予市
92,咸陽島,32.9133333,132.6844444,高知県宿毛市
93,サニーサイドパーク,32.9161111,132.7125,高知県宿毛市
94,桜井二見ヶ浦,33.6397222,130.1977777,福岡県糸島市
95,西海国立公園鯛の鼻,33.3183333,129.4644444,長崎県平戸市
96,根獅子,33.2897222,129.4447222,長崎県平戸市
97,石岳展望台,33.1547222,129.6872222,長崎県佐世保市
98,大瀬崎,32.6127777,128.5994444,長崎県五島市
99,渕ノ元,32.7691666,128.6486111,長崎県五島市
100,高舞登山展望所,32.5225,130.4416666,熊本県上天草市
101,天草五橋,32.5297222,130.4241666,熊本県上天草市
102,西平椿公園,32.3444444,129.9847222,熊本県天草市
103,鬼海ヶ浦展望所,32.4141666,130.0041666,熊本県天草市
104,黒石海岸,32.2263888,130.0141666,熊本県天草市
105,小森海岸,32.1641666,130.0177777,熊本県天草市
106,真玉海岸,33.6472222,131.4858333,大分県豊後高田市
1,浜中町 ,43.0694444,145.06,北海道浜中町,はまなかちょう
2,黒松内町 ,42.6508333,140.3063888,北海道黒松内町,くろまつないちょう
3,福浦 ,41.3275,140.8075,青森県佐井村,ふくうら
4,新田 ,40.2705555,141.0555555,青森県田子町,しんでん
5,山根六郷 ,40.0472222,141.6961111,岩手県久慈市,やまねろくごう
6,上附馬牛・大出 ,39.4744444,141.5080555,岩手県遠野市,かみつきもうし・おおいで
7,萩荘・厳美の農村部 ,38.9463888,141.0530555,岩手県一関市,はぎしょう・げんびののうそんぶ
8,蕪栗沼 ,38.6436111,141.1111111,宮城県大崎市,かぶくりぬま
9,江島 ,38.4,141.5941666,宮城県女川町,えのしま
10,八森 ,40.3763888,140.0027777,秋田県八峰町,はちもり
11,阿仁根子 ,39.9386111,140.3966666,秋田県北秋田市,あにねっこ
12,曲川木の根坂 ,38.8613888,140.1902777,山形県鮭川村,まがりかわきのねざか
13,小玉川 ,37.9627777,139.6727777,山形県小国町,こたまがわ
14,猪苗代湖 ,37.5361111,140.0733333,福島県猪苗代町,いなわしろこ
15,中川 ,37.4733333,139.5308333,福島県金山町,なかがわ
16,持方 ,36.7316666,140.4341666,茨城県常陸太田市,もちかた
17,八郷 ,36.2044444,140.1575,茨城県石岡市,やさと
18,茂木町北部地区 ,36.5733333,140.1975,栃木県茂木町,もてぎまちほくぶちく
19,西下ヶ橋 ,36.6525,139.9294444,栃木県宇都宮市,にしさげはし
20,粕川町室沢 ,36.4502777,139.2044444,群馬県前橋市,かすかわまちむろさわ
21,秋畑那須 ,36.1802777,138.8591666,群馬県甘楽町,あきはたなす
22,風布 ,36.1036111,139.1502777,埼玉県寄居町,ふうぷ
23,三富新田 ,35.8305555,139.5022222,埼玉県所沢市・三芳町,さんとめしんでん
24,縁結寺 ,35.7902777,140.135,千葉県印西市,けちえんじ
25,平久里下 ,35.09,139.905,千葉県南房総市,へぐりしも
26,小野路 ,35.5977777,139.4377777,東京都町田市,おのじ
27,上山口 ,35.2655555,139.6144444,神奈川県葉山町,かみやまぐち
28,藤野町佐野川 ,35.6513888,139.1494444,神奈川県相模原市,ふじのちょうさのがわ
29,片野尾・月布施・野浦 ,38.0202777,138.5505555,新潟県佐渡市,かたのお・つきふせ・のうら
30,松之山・松代 ,37.0997222,138.6172222,新潟県十日町市,まつのやま・まつだい
31,生地 ,36.8911111,137.4188888,富山県黒部市,いくじ
32,砺波平野散居村 ,36.6258333,136.9636111,富山県砺波市・南砺市,となみへいやさんきょそん
33,町野町金蔵 ,37.4075,137.0702777,石川県輪島市,まちのまちかなくら
34,白峰 ,36.1741666,136.6263888,石川県白山市,しらみね
35,橋立町 ,36.3508333,136.3105555,石川県加賀市,はしたてまち
36,白山・坂口 ,35.8877777,136.0558333,福井県越前市,しらやま・さかぐち
37,三方五湖 ,35.5586111,135.8963888,福井県若狭町,みかたごこ
38,牧丘・八幡 ,35.7580555,138.6855555,山梨県山梨市,まきおか・やわた
39,増富 ,35.8947222,138.5425,山梨県北杜市,ますとみ
40,栄村 ,36.9875,138.5772222,長野県栄村,さかえむら
41,小川村 ,36.6172222,137.9747222,長野県小川村,おがわむら
42,遠山郷・上村下栗 ,35.3744444,137.9855555,長野県飯田市,とおやまごう・かみむらしもぐり
43,根羽村 ,35.2530555,137.5811111,長野県根羽村,ねばむら
44,神岡町山之村 ,36.3777777,137.3719444,岐阜県飛騨市,かみおかちょうやまのむら
45,石部 ,34.7222222,138.7608333,静岡県松崎町,いしぶ
46,川根本町 ,35.0469444,138.0816666,静岡県川根本町,かわねほんちょう
47,川売 ,35.0233333,137.575,愛知県新城市,かおれ
48,佐久島 ,34.7258333,137.0344444,愛知県西尾市,さくしま
49,須賀利町 ,34.1033333,136.2658333,三重県尾鷲市,すがりちょう
50,浅里 ,33.7605555,135.9302777,三重県紀宝町,あさり
51,白王・円山 ,35.1591666,136.0913888,滋賀県近江八幡市,しらおう・まるやま
52,甲南町杉谷新田 ,34.905,136.1355555,滋賀県甲賀市,こうなんちょうすぎたにしんでん
53,伊根湾の舟屋群 ,35.6686111,135.2913888,京都府伊根町,いねわんのふなやぐん
54,上世屋 ,35.6380555,135.1880555,京都府宮津市,かみせや
55,越畑・樒原 ,35.0894444,135.6086111,京都府京都市,こしはた・しきみがはら
56,長谷 ,34.9680555,135.3725,大阪府能勢町,ながたに
57,穂谷 ,34.7927777,135.7308333,大阪府枚方市,ほたに
58,円山川流域 ,35.5466666,134.8613888,兵庫県豊岡市,まるやまがわりゅういき
59,黒川 ,34.9269444,135.4397222,兵庫県川西市,くろかわ
60,深野 ,34.5961111,136.0452777,奈良県宇陀市,ふかの
61,奥明日香 ,34.4427777,135.8302777,奈良県明日香村,おくあすか
62,桑畑果無 ,33.9388888,135.7530555,奈良県十津川村,くわはたはてなし
63,天野 ,34.2627777,135.5219444,和歌山県かつらぎ町,あまの
64,口色川 ,33.6797222,135.8580555,和歌山県那智勝浦町,くちいろがわ
65,別所・国信 ,35.4519444,133.9130555,鳥取県湯梨浜町,べっしょ・くにのぶ
66,西谷新田 ,35.2183333,134.2752777,鳥取県智頭町,にしだにしんでん
67,西ノ島 ,36.0930555,132.9944444,島根県西ノ島町,にしのしま
68,斐川町 ,35.405,132.8202777,島根県出雲市,ひかわちょう
69,阿波 ,35.2369444,134.1122222,岡山県津山市,あば
70,真鍋島 ,34.355,133.5783333,岡山県笠岡市,まなべしま
71,因島重井町 ,34.345,133.1530555,広島県尾道市,いんのしましげいちょう
72,八幡湿原 ,34.7083333,132.1869444,広島県北広島町,やわたしつげん
73,祝島 ,33.7869444,131.9891666,山口県上関町,いわいしま
74,米川東部地区 ,34.0802777,131.8761111,山口県下松市,よねかわとうぶちく
75,徳地串 ,34.1966666,131.7288888,山口県山口市,とくじくし
76,八重地 ,33.8755555,134.3513888,徳島県上勝町,やえじ
77,大神高開 ,34.0222222,134.2622222,徳島県吉野川市,おおがみたかがい
78,中山 ,34.5033333,134.2391666,香川県小豆島町,なかやま
79,上畑野川 ,33.6916666,132.9225,愛媛県久万高原町,かみはたのかわ
80,城川町田穂 ,33.3722222,132.6911111,愛媛県西予市,しろかわちょうたお
81,遊子水荷浦 ,33.2061111,132.4555555,愛媛県宇和島市,ゆすみずがうら
82,里川 ,33.1872222,132.9461111,高知県四万十町,さとかわ
83,相名 ,33.5613888,134.0466666,高知県馬路村,あいな
84,和白干潟 ,33.6825,130.4330555,福岡県福岡市,わじろひがた
85,星野村 ,33.2680555,130.75,福岡県八女市,ほしのむら
86,加部島 ,33.5555555,129.8902777,佐賀県唐津市,かべしま
87,湯崎 ,33.1713888,130.1011111,佐賀県白石町,ゆざき
88,神代小路 ,32.8702777,130.2688888,長崎県雲仙市,こうじろくうじ
89,豆酘 ,34.1216666,129.1830555,長崎県対馬市,つつ
90,崎山 ,32.6516666,128.875,長崎県五島市,さきやま
91,阿蘇のカルデラ ,32.9963888,131.0669444,熊本県阿蘇市,あそのかるでら
92,五和町二江 ,32.5502777,130.1144444,熊本県天草市,いつわまちふたえ
93,皿山 ,33.4266666,130.9130555,大分県日田市,さらやま
94,大越 ,32.89,131.8336111,大分県佐伯市,おおこえ
95,北浦町 ,32.6847222,131.8016666,宮崎県延岡市,きたうらまち
96,都城市周辺の農村部 ,31.8283333,131.04,宮崎県都城市,みやこのじょうししゅうへんののうそんぶ
97,笠沙町大当 ,31.4191666,130.1697222,鹿児島県南さつま市,かささちょうおおとう
98,加計呂麻島 ,28.0941666,129.325,鹿児島県瀬戸内町,かけろまじま
99,やんばるの森 ,26.7319444,128.1691666,沖縄県国頭村,やんばるのもり
100,久米島 ,26.3416666,126.7636111,沖縄県久米島町,くめじま
1,礼文島,45.3030555,141.0477777,北海道礼文町,れぶんとう,日本最北端の昆布漁,礼文島東海域
2,利尻島,45.1286111,141.1805555,北海道利尻町,りしりとう,北の島で舞う利尻麒麟獅子,長浜神社
3,焼尻島,44.4372222,141.4191666,北海道羽幌町,やぎしりとう,おんこ（イチイ）原生林と羊とアザラシ,焼尻島の自然林
4,田代島,38.2955555,141.4197222,宮城県石巻市,たしろじま,島の守り神「猫神社」,田代島猫神社
5,宮戸島,38.3252777,141.1547222,宮城県東松島市,みやとじま,小正月の鳥追い行事「えんずのわり」,宮戸島月浜
6,飛島,39.1958333,139.5583333,山形県酒田市,とびしま,とびしま天保そば・ごどいも収穫感謝祭,とびしま総合センターほか
7,新島,34.3741666,139.2569444,東京都新島村,にいじま,コーガ石（抗火石・こうかせき）の建造物,本村集落
8,神津島,34.2052777,139.1344444,東京都神津島村,こうづしま,漁村伝承文化「建切漁業（巾着漁）」,
9,三宅島,34.0669444,139.4825,東京都三宅村,みやけじま,正月の伝統行事「船祝い」,島内五ヶ村の漁港（阿古、坪田、湯の浜、大久保、伊ヶ谷）
10,八丈島,33.0663888,139.8122222,東京都八丈町,はちじょうじま,黄八丈,中之郷
11,父島,27.0952777,142.1966666,東京都小笠原村,ちちじま,おがさわら丸「出港の時」,二見港～湾内
12,佐渡島,38.02,138.4488888,新潟県佐渡市,さどしま,トキと人が共存する島の環境づくり,清水平をはじめ島内田園地帯
13,佐渡島,38.3261111,138.4863888,新潟県佐渡市,さどしま,外海府・大野亀のトビシマカンゾウの大群落,大野亀（おおのかめ）
14,佐渡島,37.8533333,138.3205555,新潟県佐渡市,さどしま,佐渡の伝統芸能と行事,羽茂本郷草刈神社、寺田集落、長江集落、北鵜島集落ほか島内全域
15,舳倉島,37.85,136.9194444,石川県輪島市,へぐらじま,海女によるケルン（山だめ）の島,舳倉島海岸
16,能登島,37.1663888,137.0355555,石川県七尾市,のとじま,イルカを温かくむかえる島の人々のやさしさ,能登島祖母ヶ浦町と周辺海域
17,初島,35.0419444,139.1694444,静岡県熱海市,はつしま,受け継がれる知恵と自然の恵み「エビ網」,島内民家の一角
18,佐久島,34.7258333,137.0344444,愛知県西尾市,さくしま,三河湾の黒真珠,大字佐久島 地内
19,日間賀島,34.7047222,136.9975,愛知県南知多町,ひまかじま,ほうろく祭り,日間賀島西浜海岸（サンセットビーチ）・八幡社
20,篠島,34.6844444,137.0080555,愛知県南知多町,しのじま,伊勢神宮に奉納される「御幣鯛（おんべだい）」,御贄干鯛調製所
21,答志島,34.5291666,136.9047222,三重県鳥羽市,とうしじま,八幡神社の神祭,答志町舞台ほか
22,菅島,34.4988888,136.9005555,三重県鳥羽市,すがしま,しろんご祭り,白浜（しろんご浜）
23,沼島,34.1680555,134.8197222,兵庫県南あわじ市,ぬしま,ダンジリ海に突入-沼島八幡神社春祭,沼島漁港
24,家島,34.6769444,134.5266666,兵庫県姫路市,いえしま,家島天神祭,家島町天神浜
25,島後,36.1913888,133.2363888,島根県隠岐の島町,どうご,隠岐・島後の舟小屋,都万
26,島後,36.2380555,133.2347222,島根県隠岐の島町,どうご,隠岐の牛突き,町内全域
27,西ノ島,36.1069444,132.9733333,島根県西ノ島町,にしのしま,絶景と放牧の調和「牧畑」,国立公園隠岐
28,知夫里島,36.0208333,133.015,島根県知夫村,ちぶりじま,輪転式牧畑の名残を残す赤ハゲ山,赤ハゲ山
29,大多府島,34.6836111,134.2991666,岡山県備前市,おおたぶじま,大多府漁港元禄防波堤,大多府漁港
30,前島,34.6111111,134.1711111,岡山県瀬戸内市,まえじま,アマモの森,牛窓町牛窓前島、水の浦付近
31,犬島,34.5663888,134.105,岡山県岡山市,いぬじま,産業遺産を活用したアートの島,東区犬島
32,白石島,34.4080555,133.5136111,岡山県笠岡市,しらいしじま,白石踊,白石島海水浴場
33,真鍋島,34.3611111,133.5813888,岡山県笠岡市,まなべしま,走り神輿,真鍋島八幡神社
34,大崎上島,34.2347222,132.9127777,広島県大崎上島町,おおさきかみじま,大崎上島櫂伝馬競漕,東野（住吉神社）、木江（厳島神社）
35,屋代島,33.9447222,132.2713888,山口県周防大島町,やしろじま,久賀引山太鼓,久賀
36,祝島,33.7797222,131.9811111,山口県上関町,いわいしま,石垣の棚田,祝島白崎地区
37,牛島,33.8588888,132.0069444,山口県光市,うしま,藤田・西﨑の波止,牛島
38,粭島,33.9816666,131.7616666,山口県周南市,すくもじま,貴船祭,周南の粭島
39,蓋井島,34.1013888,130.7875,山口県下関市,ふたおいじま,「山ノ神」神事,蓋井島「山ノ神」の森
40,見島,34.7633333,131.1519444,山口県萩市,みしま,鬼ヨーズ（凧）,見島字八町八反
41,大毛島・島田島,34.1986111,134.5975,徳島県鳴門市,おおげじま・しまだじま,鳴門の渡船,鳴門町土佐泊浦、鳴門町高島、瀬戸町小島田
42,小豆島,34.5033333,134.2413888,香川県小豆島町、土庄町,しょうどしま,農村歌舞伎と千枚田,小豆島町中山、土庄町肥土山
43,小豆島,34.4752777,134.3186111,香川県小豆島町,しょうどしま,醤油蔵が続く醤の郷（ひしおのさと）,馬木～苗羽、醤の郷
44,豊島,34.4852777,134.0866666,香川県土庄町,てしま,大師ゆかりの水「唐櫃の清水」,土庄町豊島唐櫃
45,女木島,34.3902777,134.0513888,香川県高松市,めぎじま,オオテ（石垣,女木港周辺
46,本島,34.3941666,133.7877777,香川県丸亀市,ほんじま,中世の城下町の面影を残す「笠島のまち並」,笠島まち並保存地区
47,伊吹島,34.1280555,133.5358333,香川県観音寺市,いぶきじま,イリコの加工,伊吹島全域
48,岩城島,34.2444444,133.1322222,愛媛県上島町,いわぎじま,アマモ実る海,菰隠
49,新居大島,33.995,133.3652777,愛媛県新居浜市,にいおおしま,秋祭り「夜宮」,大島
50,小島,34.1236111,132.9780555,愛媛県今治市,おしま,しまなみ海道に残る芸予要塞,島内全体
51,興居島,33.8941666,132.6716666,愛媛県松山市,ごごしま,船踊り,興居島船越
52,中島,33.9730555,132.6202777,愛媛県松山市,なかじま,ミカンの天国,中島・ミカン畑
53,九島,33.2227777,132.5222222,愛媛県宇和島市,くしま,子供牛鬼,本九島の海岸
54,沖の島・鵜来島,32.7386111,132.5494444,高知県宿毛市,おきのしま・うぐるしま,石垣・石段とともにある暮らし,沖の島・鵜来島 島内集落
55,宗像大島,33.8988888,130.4336111,福岡県宗像市,むなかたおおしま,みあれ祭,宗像大島、大島港～神湊港
56,沖ノ島,34.2416666,130.1041666,福岡県宗像市,おきのしま,神の宿る島「沖ノ島」,宗像大社沖津宮
57,高島,33.4738888,129.9880555,佐賀県唐津市,たかしま,波にのり、夢もち帰る宝当復路（ほうとうふくろ）,高島定期船桟橋
58,加唐島,33.5886111,129.8611111,佐賀県唐津市,かからしま,百済武寧王生誕の伝承,加唐島港付近
59,松島,33.5861111,129.84,佐賀県唐津市,まつしま,暮らしを支える海士の人たち,松島近海
60,対馬島,34.2208333,129.2977777,長崎県対馬市,つしま,ツシマハチミツ・蜂洞（巣箱）,島内全域
61,対馬島,34.69,129.4425,長崎県対馬市,つしま,海照らし「ヒトツバタゴ」と鰐浦地区,鰐浦
62,的山大島,33.4969444,129.5444444,長崎県平戸市,あづちおおしま,大根坂の棚田,大島村大根坂
63,小値賀島,33.1869444,129.0627777,長崎県小値賀町,おぢかじま,島のお母さんとの別れ,小値賀港
64,宇久島,33.2816666,129.1102777,長崎県佐世保市,うくしま,島から育て高級和牛,宇久町木場放牧場
65,中通島,33.0483333,129.0991666,長崎県新上五島町,なかどおりじま,アゴ（とびうお）干し,小串
66,若松島,32.8672222,129.0080555,長崎県新上五島町,わかまつじま,キリシタン湾洞,若松 土井ノ浦
67,頭ヶ島,33.0122222,129.1827777,長崎県新上五島町,かしらがじま,頭ヶ島天主堂,友住郷
68,椛島,32.7694444,128.9922222,長崎県五島市,かばしま,大漁祈願。椛島神社例祭「宝来丸の曳船」,本窯町
69,福江島,32.6863888,128.8561111,長崎県五島市,ふくえじま,念仏踊り「チャンココ」,市内９地区
70,黄島,32.57,128.9041666,長崎県五島市,おうしま,黄島港「石積みの堤防」,黄島漁港
71,江島,33.0019444,129.35,長崎県西海市,えのしま,江島手作り醤油,江島農産加工センター
72,池島,32.885,129.6,長崎県長崎市,いけしま,採炭技術,池島町
73,端島/軍艦島,32.6277777,129.7380555,長崎県長崎市,はしま/ぐんかんじま,昭和の栄華を物語る「軍艦島」,島内全体
74,横浦島,32.3677777,130.3491666,熊本県天草市,よこうらじま,籠船,御所浦町横浦
75,通詞島,32.5511111,130.1152777,熊本県天草市,つうじしま,イルカが泳ぐ通詞島,五和町二江通詞島沖
76,姫島,33.7236111,131.6483333,大分県姫島村,ひめしま,踊り継ぐ盆踊り,島内各地区
77,島野浦島,32.6661111,131.8161111,宮崎県延岡市,しまのうらしま,活気あふれる瞬間！　島野浦神社秋季大祭,島浦町
78,上甑島,31.8458333,129.9175,鹿児島県薩摩川内市,かみこしきじま,玉石の石垣が残る「たましいの島」,里町一帯
79,種子島,30.7583333,131.0719444,鹿児島県西之表市,たねがしま,昔ながらの黒糖づくり,伊関沖ヶ浜田
80,種子島,30.6897222,131.0616666,鹿児島県西之表市、中種子町、南種子町,たねがしま,種子島に伝わる郷土芸能,現和風本神社、古田豊受神社など
81,屋久島,30.2341666,130.4775,鹿児島県屋久島町,やくしま,住民の憩いの場「海辺の温泉」,平内、湯泊
82,竹島,30.8138888,130.4172222,鹿児島県三島村,たけしま,竹の子に集う,竹島島内全域
83,硫黄島,30.7822222,130.2791666,鹿児島県三島村,いおうじま,八朔太鼓踊り,硫黄島島内全域
84,平島,29.6886111,129.5294444,鹿児島県十島村,たいらじま,平家ゆかりの島の伝統文化,平島
85,悪石島,29.4575,129.5930555,鹿児島県十島村,あくせきじま,砂風呂,悪石島
86,奄美大島,28.3202777,129.5322222,鹿児島県奄美市,あまみおおしま,小湊フワガネク遺跡群とソテツ群落,名瀬小湊集落
87,加計呂麻島,28.0941666,129.325,鹿児島県瀬戸内町,かけろまじま,諸鈍シバヤ（芝居）,諸鈍・大屯神社
88,与路島,28.0438888,129.1641666,鹿児島県瀬戸内町,よろじま,涼をよぶサンゴの石垣,与路島内
89,徳之島,27.7272222,129.0175,鹿児島県徳之島町,とくのしま,亀津浜踊り,亀津
90,南大東島,25.825,131.2141666,沖縄県南大東村,みなみだいとうじま,海辺の海水プール,塩屋
91,北大東島,25.9538888,131.2841666,沖縄県北大東村,きただいとうじま,空飛ぶ「漁船」,西港
92,野甫島,26.9972222,127.9252777,沖縄県伊平屋村,のほじま,小さな島の小さな商店,野甫島
93,平安座島,26.3697222,127.9841666,沖縄県うるま市,へんざじま,サングヮチャー（旧暦の3月節句）,中通り通称チョウの濱、東方のナンジャ岩
94,奥武島,26.1294444,127.7727777,沖縄県南城市,おうじま,トビーチャ（飛びイカ）を干す風景,奥武港
95,渡嘉敷島,26.1975,127.3647222,沖縄県渡嘉敷村,とかしきじま,魚が泳ぐ町並み,渡嘉敷集落
96,オーハ島,26.3394444,126.8383333,沖縄県久米島町,おーはじま,老漁師とサバニ,ハテの浜沖
97,下地島,24.825,125.1475,沖縄県宮古島市,しもじしま,民間ジェットパイロット訓練空港「下地島空港」,伊良部字佐和田
98,竹富島,24.33,124.0852777,沖縄県竹富町,たけとみじま,和の中の気「種子取祭」,竹富
99,西表島,24.4191666,123.7777777,沖縄県竹富町,いりおもてじま,島に息づく染と織,浦内川河口
100,波照間島,24.0566666,123.7813888,沖縄県竹富町,はてるまじま,さとうきび畑,波照間
1,羊蹄のふきだし湧水,42.8580555,140.8702777,北海道京極町,湧水
2,甘露泉水,45.2197222,141.2172222,北海道利尻富士町,湧水
3,ナイベツ川湧水,42.8155555,141.5961111,北海道千歳市蘭越,湧水
4,富田の清水,40.5955555,140.47,青森県弘前市紙漉町,湧水
5,渾神の清水,40.5458333,140.6205555,青森県平川市唐竹,湧水
6,金沢清水,39.9077777,140.9858333,岩手県八幡平市松尾寄木,湧水
7,龍泉洞地底湖の水,39.86,141.7972222,岩手県岩泉町,湧水
8,桂葉清水,38.6591666,141.0080555,宮城県栗原市高清水桂葉,湧水
9,広瀬川,38.2580555,140.8597222,宮城県仙台市,河川
10,六郷湧水群,39.4236111,140.5425,秋田県美郷町,湧水
11,力水,39.1636111,140.4961111,秋田県湯沢市古館山,湧水
12,月山山麓湧水群,38.4966666,139.9975,山形県西川町,湧水
13,小見川,38.4094444,140.3527777,山形県東根市羽入,湧水
14,磐梯西山麓湧水群,37.5761111,139.9847222,福島県磐梯町,湧水
15,小野川湧水,37.6902777,140.1225,福島県北塩原村,湧水
16,八溝川湧水群,36.9269444,140.2716666,茨城県大子町,湧水
17,出流原弁天池湧水,36.3666666,139.5388888,栃木県佐野市出流原町,湧水
18,尚仁沢湧水,36.8561111,139.8258333,栃木県塩谷町上寺島,湧水
19,雄川堰,36.2341666,138.9188888,群馬県甘楽町,用水
20,箱島湧水,36.5377777,138.9283333,群馬県東吾妻町箱島,湧水
21,風布川・日本水,36.1011111,139.1438888,埼玉県寄居町,湧水
22,熊野の清水,35.3455555,140.2433333,千葉県長南町佐坪滝ノ上,湧水
23,お鷹の道・真姿の池湧水群,35.695,139.4730555,東京都国分寺市西元町,湧水
24,御岳渓谷,35.8005555,139.1805555,東京都青梅市,河川
25,秦野盆地湧水群,35.3691666,139.2277777,神奈川県秦野市,湧水
26,洒水の滝・滝沢川,35.3522222,139.0613888,神奈川県山北町,河川
27,竜ヶ窪の水,36.9766666,138.6308333,新潟県津南町,湧水
28,杜々森湧水,37.3875,138.9736111,新潟県長岡市西中野俣,湧水
29,黒部川扇状地湧水群,36.8938888,137.4175,富山県黒部市、入善町,湧水
30,穴の谷の霊水,36.7219444,137.4072222,富山県上市町,湧水
31,立山玉殿の湧水,36.5788888,137.595,富山県立山町,湧水
32,瓜裂の清水,36.5661111,136.9816666,富山県砺波市,湧水
33,弘法池の水,36.3630555,136.6111111,石川県白山市釜清水町,湧水
34,古和秀水,37.2711111,136.7727777,石川県輪島市門前町鬼屋,湧水
35,御手洗池,37.0516666,136.875,石川県七尾市,湧水
36,瓜割ノ滝,35.4594444,135.8422222,福井県若狭町,湧水
37,御清水,35.9827777,136.4861111,福井県大野市泉町,湧水
38,鵜の瀬,35.445,135.79,福井県小浜市神宮寺,河川
39,忍野八海,35.4605555,138.8319444,山梨県忍野村,湧水
40,八ヶ岳南麓高原湧水群,35.8777777,138.3658333,山梨県北杜市,湧水
41,白州／尾白川,35.795,138.2944444,山梨県北杜市,河川
42,猿庫の泉,35.5327777,137.7908333,長野県飯田市羽場,湧水
43,安曇野わさび田湧水群,36.3358333,137.9111111,長野県安曇野市,湧水
44,姫川源流湧水,36.6327777,137.8475,長野県白馬村,湧水
45,宗祇水（白雲水）,35.7491666,136.9538888,岐阜県郡上市,湧水
46,長良川（中流域）,35.4391666,136.7772222,岐阜県美濃市、関市、岐阜市,河川
47,養老の滝・菊水泉,35.2822222,136.5388888,岐阜県養老町,湧水
48,柿田川湧水群,35.1069444,138.8994444,静岡県清水町,湧水
49,木曽川（中流域）,35.4063888,136.9627777,愛知県犬山市～可児川合流点,河川
50,智積養水,34.9958333,136.5411111,三重県四日市市,用水
51,恵利原の水穴（天の岩戸）,34.4069444,136.7627777,三重県志摩市磯部町,湧水
52,十王村の水,35.2438888,136.2388888,滋賀県彦根市西今町,湧水
53,泉神社湧水,35.3755555,136.4016666,滋賀県米原市大清水,湧水
54,伏見の御香水,34.9344444,135.7672222,京都府京都市伏見区,地下水
55,磯清水,35.5630555,135.1877777,京都府宮津市文殊（天橋立）,地下水
56,離宮の水,34.8847222,135.6730555,大阪府島本町,地下水
57,宮水,34.7316666,135.3413888,兵庫県西宮市,地下水
58,布引渓流,34.7088888,135.1936111,兵庫県神戸市中央区,河川
59,千種川,35.1311111,134.4352777,兵庫県西南部（宍粟市、佐用町、上郡町、赤穂市坂越）,河川
60,洞川湧水群,34.2697222,135.8855555,奈良県天川村,湧水
61,野中の清水,33.8283333,135.6344444,和歌山県田辺市,湧水
62,紀三井寺の三井水,34.185,135.19,和歌山県和歌山市,湧水
63,天の真名井,35.4386111,133.4416666,鳥取県米子市,湧水
64,天川の水,36.0841666,133.1130555,島根県海士町,湧水
65,壇鏡の滝湧水,36.2405555,133.2361111,島根県隠岐の島町,湧水
66,塩釜の冷泉,35.3,133.6791666,岡山県真庭市,湧水
67,雄町の冷泉,34.6858333,133.9711111,岡山県岡山市,湧水
68,岩井,35.3322222,133.9861111,岡山県鏡野町,湧水
69,太田川（中流域）,34.4255555,132.46,広島県広島市,河川
70,出合清水,34.3988888,132.51,広島県府中町,湧水
71,別府弁天池湧水,34.2555555,131.2447222,山口県美祢市秋芳町,湧水
72,桜井戸,34.0741666,132.205,山口県岩国市,湧水
73,寂地川,34.4291666,132.0558333,山口県岩国市,河川
74,江川の湧水,34.075,134.3394444,徳島県吉野川市,湧水
75,剣山御神水,33.8533333,134.0938888,徳島県三好市,湧水
76,湯船の水,34.5058333,134.2419444,香川県小豆島町,湧水
77,うちぬき,33.9191666,133.1808333,愛媛県西条市,自噴水
78,杖の淵,33.7922222,132.8113888,愛媛県松山市,湧水
79,観音水,33.3438888,132.5802777,愛媛県西予市,湧水
80,四万十川,33.1336111,132.8063888,高知県西部,河川
81,安徳水,33.535,133.2027777,高知県越知町,湧水
82,清水湧水,33.3288888,130.8119444,福岡県うきは市,湧水
83,不老水,33.6558333,130.4555555,福岡県福岡市,地下水
84,竜門の清水,33.2172222,129.8863888,佐賀県有田町,河川
85,清水川,33.3252777,130.2147222,佐賀県小城市,河川
86,島原湧水群,32.78,130.3666666,長崎県島原市,湧水
87,轟渓流,32.9469444,130.11,長崎県諫早市,河川
88,轟水源,32.6780555,130.6391666,熊本県宇土市,湧水
89,白川水源,32.8266666,131.0963888,熊本県南阿蘇村,湧水
90,菊池水源,33.0055555,130.9391666,熊本県菊池市,河川
91,池山水源,33.0461111,131.1844444,熊本県産山村,湧水
92,男池湧水群,33.1238888,131.2941666,大分県由布市,湧水
93,竹田湧水群,32.94,131.3944444,大分県竹田市,湧水
94,白山川,32.9,131.5425,大分県豊後大野市（稲積水中鍾乳洞）,河川
95,出の山湧水,31.98,130.9447222,宮崎県小林市,湧水
96,綾川湧水群,32.0288888,131.1919444,宮崎県綾町,湧水
97,屋久島宮之浦岳流水,30.3797222,130.5741666,鹿児島県屋久島町,河川
98,霧島山麓丸池湧水,31.9491666,130.7222222,鹿児島県湧水町,湧水
99,清水の湧水,31.4130555,130.4163888,鹿児島県南九州市,湧水
100,垣花樋川,26.1480555,127.7955555,沖縄県南城市,湧水
1,北海道虻田郡喜茂別町,42.7955555,140.9347222,北海道喜茂別町
2,北海道虻田郡京極町,42.8583333,140.8841666,北海道京極町
3,北海道中川郡美深町,44.4811111,142.3430555,北海道美深町
4,北海道広尾郡大樹町,42.4975,143.2788888,北海道大樹町
5,青森県北津軽郡鶴田町,40.7588888,140.4286111,青森県鶴田町
6,青森県上北郡十和田湖町,40.5863888,141.1088888,青森県十和田市
7,岩手県盛岡市,39.7019444,141.1541666,岩手県盛岡市
8,岩手県胆沢郡胆沢町,39.1166666,141.0697222,岩手県奥州市
9,岩手県下閉伊郡岩泉町,39.8430555,141.7966666,岩手県岩泉町
10,宮城県石巻市,38.4280555,141.3061111,宮城県石巻市
11,宮城県刈田郡七ケ宿町,37.9930555,140.4416666,宮城県七ケ宿町
12,秋田県北秋田郡森吉町,40.1183333,140.3813888,秋田県北秋田市
13,秋田県仙北郡六郷町,39.4211111,140.5438888,秋田県美郷町
14,山形県長井市,38.1077777,140.0405555,山形県長井市
15,山形県西村山郡西川町,38.4266666,140.1477777,山形県西川町
16,山形県飽海郡遊佐町,39.0147222,139.9075,山形県遊佐町
17,山形県飽海郡八幡町,38.9711111,139.9425,山形県酒田市
18,福島県郡山市,37.4005555,140.3597222,福島県郡山市
19,福島県南会津郡只見町,37.3486111,139.3158333,福島県只見町
20,福島県西白河郡西郷村,37.1419444,140.1552777,福島県西郷村
21,茨城県土浦市,36.0719444,140.1961111,茨城県土浦市
22,茨城県久慈郡大子町,36.7680555,140.3552777,茨城県大子町
23,栃木県芳賀郡茂木町,36.5322222,140.1875,栃木県茂木町
24,栃木県那須郡烏山町,36.6569444,140.1516666,栃木県那須烏山市
25,群馬県前橋市,36.3891666,139.0636111,群馬県前橋市
26,群馬県甘楽郡甘楽町,36.2430555,138.9219444,群馬県甘楽町
27,埼玉県加須市,36.1313888,139.6019444,埼玉県加須市
28,埼玉県大里郡寄居町,36.1183333,139.1930555,埼玉県寄居町
29,埼玉県北埼玉郡北川辺町,36.1902777,139.6616666,埼玉県加須市
30,千葉県佐原市,35.8977777,140.4991666,千葉県香取市
31,千葉県香取郡小見川町,35.8475,140.6036111,千葉県香取市
32,東京都墨田区,35.7105555,139.8016666,東京都墨田区
33,東京都日野市,35.6713888,139.395,東京都日野市
34,神奈川県南足柄市,35.3205555,139.1,神奈川県南足柄市
35,神奈川県愛甲郡清川村,35.4827777,139.2761111,神奈川県清川村
36,新潟県豊栄市,37.9163888,139.2188888,新潟県新潟市
37,新潟県北魚沼郡小出町,37.2302777,138.9616666,新潟県魚沼市
38,新潟県中魚沼郡津南町,37.0141666,138.6525,新潟県津南町
39,富山県黒部市,36.8736111,137.4491666,富山県黒部市
40,富山県砺波市,36.6475,136.9622222,富山県砺波市
41,富山県下新川郡入善町,36.9336111,137.5022222,富山県入善町
42,富山県東砺波郡庄川町,36.5775,136.9858333,富山県砺波市
43,石川県小松市,36.4086111,136.4455555,石川県小松市
44,石川県輪島市,37.3905555,136.8991666,石川県輪島市
45,石川県石川郡美川町,36.4908333,136.4922222,石川県白山市
46,福井県大野市,35.9805555,136.4875,福井県大野市
47,福井県遠敷郡上中町,35.4619444,135.8569444,福井県若狭町
48,山梨県北都留郡小菅村,35.7602777,138.9402777,山梨県小菅村
49,長野県上伊那郡箕輪町,35.915,137.9819444,長野県箕輪町
50,長野県木曽郡木曽福島町,35.8497222,137.6983333,長野県木曽町
51,長野県南安曇郡穂高町,36.3383333,137.8863888,長野県安曇野市
52,長野県南安曇郡豊科町,36.2980555,137.9069444,長野県安曇野市
53,長野県東筑摩郡明科町,36.3558333,137.9291666,長野県安曇野市
54,岐阜県大垣市,35.3594444,136.6127777,岐阜県大垣市
55,岐阜県海津郡海津町,35.2205555,136.6366666,岐阜県海津市
56,岐阜県郡上郡八幡町,35.7486111,136.9644444,岐阜県郡上市
57,岐阜県益田郡馬瀬村,35.8711111,137.1744444,岐阜県下呂市
58,静岡県三島市,35.1186111,138.9186111,静岡県三島市
59,静岡県天竜市,34.8727777,137.8161111,静岡県浜松市
60,静岡県榛原郡川根町,34.9427777,138.0772222,静岡県島田市
61,静岡県榛原郡中川根町,35.0469444,138.0816666,静岡県川根本町
62,静岡県榛原郡本川根町,35.1097222,138.1380555,静岡県川根本町
63,愛知県東加茂郡旭町,35.2316666,137.3622222,愛知県豊田市
64,三重県桑名郡長島町,35.0880555,136.6986111,三重県桑名市
65,滋賀県近江八幡市,35.1283333,136.0980555,滋賀県近江八幡市
66,滋賀県犬上郡甲良町,35.2041666,136.2613888,滋賀県甲良町
67,滋賀県坂田郡米原町,35.3152777,136.2838888,滋賀県米原市
68,滋賀県高島郡マキノ町,35.4644444,136.0397222,滋賀県高島市
69,京都府北桑田郡美山町,35.2725,135.5511111,京都府南丹市
70,大阪府大阪狭山市,34.5036111,135.5555555,大阪府大阪狭山市
71,兵庫県豊岡市,35.5444444,134.82,兵庫県豊岡市
72,兵庫県赤穂郡上郡町,34.8736111,134.3561111,兵庫県上郡町
73,兵庫県宍栗郡千種町,35.1527777,134.445,兵庫県宍粟市
74,奈良県吉野郡天川村,34.2419444,135.8552777,奈良県天川村
75,和歌山県日高郡美山村,33.9822222,135.3669444,和歌山県日高川町
76,鳥取県西伯郡淀江町,35.4530555,133.4191666,鳥取県米子市
77,島根県松江市,35.4680555,133.0486111,島根県松江市
78,島根県邑智郡桜江町,34.9583333,132.3352777,島根県江津市
79,島根県鹿足郡津和野町,34.4669444,131.7730555,島根県津和野町
80,岡山県岡山市,34.655,133.9197222,岡山県岡山市
81,岡山県苫田郡加茂町,35.1780555,134.0544444,岡山県津山市
82,広島県広島市,34.3852777,132.4552777,広島県広島市
83,広島県東広島市,34.4269444,132.7436111,広島県東広島市
84,山口県山口市,34.1783333,131.4738888,山口県山口市
85,山口県萩市,34.4080555,131.3991666,山口県萩市
86,徳島県徳島市,34.0702777,134.5547222,徳島県徳島市
87,香川県仲多度郡満濃町,34.1922222,133.8413888,香川県まんのう町
88,愛媛県西条市,33.9197222,133.1811111,愛媛県西条市
89,高知県中村市,32.9916666,132.9338888,高知県四万十市
90,高知県長岡郡本山町,33.7569444,133.5916666,高知県本山町
91,高知県長岡郡大豊町,33.7641666,133.6641666,高知県大豊町
92,高知県土佐郡土佐町,33.7375,133.5325,高知県土佐町
93,高知県土佐郡大川村,33.7836111,133.4666666,高知県大川村
94,高知県土佐郡本川村,33.7255555,133.3077777,高知県いの町
95,高知県高岡郡檮原町,33.3919444,132.9269444,高知県檮原町
96,高知県幡多郡十和村,33.2336111,132.8533333,高知県四万十町
97,福岡県柳川市,33.1630555,130.4061111,福岡県柳川市
98,福岡県甘木市,33.4233333,130.6655555,福岡県朝倉市
99,佐賀県佐賀市,33.2633333,130.3008333,佐賀県佐賀市
100,佐賀県佐賀郡富士町,33.3736111,130.2080555,佐賀県佐賀市
101,佐賀県神埼郡神埼町,33.3108333,130.3730555,佐賀県神埼市
102,長崎県島原市,32.7880555,130.3705555,長崎県島原市
103,熊本県熊本市,32.8033333,130.7080555,熊本県熊本市
104,熊本県阿蘇郡白水村,32.8255555,131.0819444,熊本県南阿蘇村
105,熊本県上益城郡嘉島町,32.74,130.7572222,熊本県嘉島町
106,熊本県上益城郡矢部町,32.685,130.99,熊本県山都町
107,大分県日田市,33.3211111,130.9413888,大分県日田市
108,大分県竹田市,32.9730555,131.3983333,大分県竹田市
109,大分県大野郡三重町,32.9780555,131.585,大分県豊後大野市
110,大分県下毛郡山国町,33.4025,131.0416666,大分県中津市
111,宮崎県延岡市,32.5822222,131.665,宮崎県延岡市
112,宮崎県東諸県郡綾町,31.9991666,131.2530555,宮崎県綾町
113,鹿児島県揖宿郡開聞町,31.2036111,130.5377777,鹿児島県指宿市
114,鹿児島県川辺郡川辺町,31.3913888,130.3936111,鹿児島県南九州市
115,沖縄県島尻郡玉城村,26.1444444,127.7669444,沖縄県南城市
1,菅野温泉,43.3255555,143.0491666,北海道鹿追町
2,養老牛温泉,43.5872222,144.7183333,北海道中標津町
3,定山渓温泉,42.9644444,141.1625,北海道札幌市
4,登別温泉,42.4947222,141.1436111,北海道登別市
5,洞爺湖温泉,42.5658333,140.8219444,北海道壮瞥町
6,ニセコ温泉郷,42.7980555,140.5980555,北海道ニセコ町
7,朝日温泉,42.9166666,140.4247222,北海道岩内町
8,酸ヶ湯温泉,40.6502777,140.8508333,青森県青森市
9,蔦温泉,40.5969444,140.9530555,青森県十和田市
10,花巻南温泉峡,39.4652777,140.9916666,岩手県花巻市
11,夏油温泉,39.2125,140.8880555,岩手県北上市
12,須川高原温泉,38.9797222,140.7705555,岩手県一関市
13,鳴子温泉郷,38.7425,140.7172222,宮城県大崎市
14,遠刈田温泉,38.1241666,140.5769444,宮城県蔵王町
15,峩々温泉,38.1444444,140.5005555,宮城県川崎町
16,乳頭温泉郷,39.8041666,140.7980555,秋田県仙北市
17,後生掛温泉,39.9722222,140.8,秋田県鹿角市
18,玉川温泉,39.9641666,140.7241666,秋田県仙北市
19,秋ノ宮温泉郷,38.9597222,140.5366666,秋田県湯沢市
20,銀山温泉,38.57,140.5308333,山形県尾花沢市
21,瀬見温泉,38.7541666,140.4127777,山形県最上町
22,赤倉温泉,38.7102777,140.5530555,山形県最上町
23,東山温泉,37.4780555,139.9625,福島県会津若松市
24,飯坂温泉,37.8319444,140.4502777,福島県福島市
25,二岐温泉,37.2416666,139.9883333,福島県天栄村
26,那須温泉郷,37.0972222,140.0013888,栃木県那須町
27,塩原温泉郷,36.9705555,139.8188888,栃木県那須塩原市
28,鬼怒川温泉,36.8358333,139.7197222,栃木県日光市
29,奥鬼怒温泉郷,36.8661111,139.3883333,栃木県日光市
30,草津温泉,36.6227777,138.5966666,群馬県草津町
31,伊香保温泉,36.4969444,138.9155555,群馬県渋川市
32,四万温泉,36.6816666,138.7802777,群馬県中之条町
33,法師温泉,36.7438888,138.8297222,群馬県みなかみ町
34,箱根湯本温泉,35.2291666,139.0986111,神奈川県箱根町
35,塔之沢温泉,35.2322222,139.0922222,神奈川県箱根町
36,芦之湯温泉,35.22,139.0413888,神奈川県箱根町
37,湯河原温泉,35.1472222,139.0716666,神奈川県湯河原町
38,越後湯沢温泉,36.9347222,138.8066666,新潟県湯沢町
39,松之山温泉,37.0647222,138.5994444,新潟県十日町市
40,大牧温泉,36.5005555,136.9941666,富山県南砺市
41,黒部峡谷温泉郷,36.8172222,137.5836111,富山県黒部市
42,山中温泉,36.2461111,136.3747222,石川県加賀市
43,山代温泉,36.2897222,136.3647222,石川県加賀市
44,粟津温泉,36.3305555,136.4461111,石川県小松市
45,奈良田温泉,35.5766666,138.3005555,山梨県早川町
46,西山温泉,35.5544444,138.3069444,山梨県早川町
47,野沢温泉,36.9247222,138.4488888,長野県野沢温泉村
48,湯田中温泉,36.74,138.4202777,長野県山ノ内町
49,別所温泉,36.3491666,138.1541666,長野県上田市
50,中房温泉,36.3944444,137.7469444,長野県安曇野市
51,白骨温泉,36.1536111,137.6263888,長野県松本市
52,小谷温泉,36.8619444,137.9805555,長野県小谷村
53,下呂温泉,35.8075,137.2402777,岐阜県下呂市
54,福地温泉,36.2247222,137.5311111,岐阜県高山市
55,熱海温泉,35.0975,139.0733333,静岡県熱海市
56,伊東温泉,34.9622222,139.0911111,静岡県伊東市
57,修善寺温泉,34.9697222,138.9272222,静岡県伊豆市
58,湯谷温泉,34.9677777,137.6141666,愛知県新城市
59,榊原温泉,34.7086111,136.3697222,三重県津市
60,木津温泉,35.6505555,134.9738888,京都府京丹後市
61,有馬温泉,34.7966666,135.2502777,兵庫県神戸市
62,城崎温泉,35.6263888,134.8097222,兵庫県豊岡市
63,湯村温泉,35.5547222,134.4880555,兵庫県新温泉町
64,十津川温泉,33.9402777,135.7688888,奈良県十津川村
65,南紀白浜温泉,33.6719444,135.3338888,和歌山県白浜町
66,南紀勝浦温泉,33.6266666,135.9511111,和歌山県那智勝浦町
67,湯の峰温泉,33.8291666,135.7575,和歌山県田辺市
68,龍神温泉,33.9558333,135.5622222,和歌山県田辺市
69,奥津温泉,35.2233333,133.9202777,岡山県鏡野町
70,湯原温泉郷,35.2036111,133.7319444,岡山県真庭市
71,三朝温泉,35.4113888,133.895,鳥取県三朝町
72,岩井温泉,35.5555555,134.3622222,鳥取県岩美町
73,関金温泉,35.3636111,133.7641666,鳥取県倉吉市
74,玉造温泉,35.4163888,133.01,島根県松江市
75,有福温泉,34.9405555,132.2005555,島根県江津市
76,温泉津温泉,35.0919444,132.3469444,島根県大田市
77,湯田温泉,34.1644444,131.455,山口県山口市
78,長門湯本温泉,34.3283333,131.1725,山口県長門市
79,祖谷温泉,33.9208333,133.8147222,徳島県三好市
80,道後温泉,33.8527777,132.7883333,愛媛県松山市
81,二日市温泉,33.4908333,130.5144444,福岡県筑紫野市
82,嬉野温泉,33.0969444,129.9852777,佐賀県嬉野市
83,武雄温泉,33.1963888,130.0144444,佐賀県武雄市
84,雲仙温泉,32.74,130.2605555,長崎県雲仙市
85,小浜温泉,32.7241666,130.2072222,長崎県雲仙市
86,黒川温泉,33.0775,131.1427777,熊本県小国町
87,地獄温泉,32.8605555,131.0358333,熊本県南阿蘇村
88,垂玉温泉,32.8622222,131.0355555,熊本県南阿蘇村
89,杖立温泉,33.1833333,131.0325,熊本県小国町
90,日奈久温泉,32.4325,130.575,熊本県八代市
91,鉄輪温泉,33.3158333,131.4752777,大分県別府市
92,明礬温泉,33.3175,131.4516666,大分県別府市
93,由布院温泉,33.2663888,131.3625,大分県由布市
94,川底温泉,33.1869444,131.1466666,大分県九重町
95,長湯温泉,33.0694444,131.3836111,大分県竹田市
96,京町温泉,32.0377777,130.7541666,宮崎県えびの市
97,指宿温泉,31.2291666,130.6522222,鹿児島県指宿市
98,霧島温泉郷,31.8944444,130.8283333,鹿児島県霧島市
99,新川渓谷温泉郷,31.82,130.7569444,鹿児島県霧島市
100,栗野岳温泉,31.9555555,130.78,鹿児島県湧水町
1,大雪旭岳源水,43.6333333,142.6908333,北海道東川町,湧水
2,仁宇布の冷水と十六滝,44.5480555,142.5691666,北海道美深町,湧水
3,沼袋の水,40.6061111,141.1738888,青森県十和田市,湧水
4,沸壷池の清水,40.5647222,139.9791666,青森県深浦町,湧水
5,湧つぼ,40.9413888,140.4494444,青森県中泊町,湧水
6,大慈清水・青龍水,39.6952777,141.15,岩手県盛岡市,地下水
7,中津川綱取ダム下流,39.6975,141.1427777,岩手県盛岡市,河川
8,須川岳秘水ぶなの恵み,38.9991666,140.7977777,岩手県一関市,湧水
9,獅子ケ鼻湿原“出壷”,39.1594444,140.0186111,秋田県にかほ市,湧水
10,元滝伏流水,39.1644444,139.9508333,秋田県にかほ市,湧水
11,立谷沢川,38.7616666,140.0086111,山形県庄内町,河川
12,荒川,37.7141666,140.3591666,福島県福島市,河川
13,栂峰渓流水,37.7908333,139.9413888,福島県喜多方市,河川
14,右近清水,37.8744444,140.8880555,福島県新地町,湧水
15,泉が森湧水及びイトヨの里泉が森公園,36.5186111,140.6247222,茨城県日立市,湧水
16,神流川源流,36.0861111,138.7355555,群馬県上野村,河川
17,尾瀬の郷片品湧水群,36.9097222,139.2986111,群馬県片品村,湧水
18,元荒川ムサシトミヨ生息地,36.1316666,139.3963888,埼玉県熊谷市,河川
19,武甲山伏流水,36.0005555,139.0838888,埼玉県秩父市,地下水
20,妙音沢,35.7769444,139.5758333,埼玉県新座市,河川
21,毘沙門水,36.0519444,138.9430555,埼玉県小鹿野町,湧水
22,生きた水・久留里,35.2955555,140.0763888,千葉県君津市,地下水
23,落合川と南沢湧水群,35.7538888,139.5283333,東京都東久留米市,湧水
24,清左衛門地獄池,35.3113888,139.1027777,神奈川県南足柄市,湧水
25,吉祥清水,38.4275,139.5886111,新潟県村上市,湧水
26,宇棚の清水,36.8583333,138.0897222,新潟県妙高市,湧水
27,大出口泉水,37.2216666,138.4905555,新潟県上越市,湧水
28,荒川,38.0936111,139.5686111,新潟県関川村・村上市・胎内市,河川
29,いたち川の水辺と清水,36.6783333,137.2272222,富山県富山市,湧水・河川・地下水
30,弓の清水,36.6872222,137.0369444,富山県高岡市,湧水
31,行田の沢清水,36.7605555,137.3491666,富山県滑川市,湧水
32,不動滝の霊水,36.5413888,136.9727777,富山県南砺市,湧水
33,藤瀬の水,37.1441666,136.8277777,石川県七尾市,湧水
34,桜生水,36.4138888,136.5144444,石川県小松市,湧水
35,白山美川伏流水群,36.4880555,136.4827777,石川県白山市,湧水
36,遺水観音霊水,36.3986111,136.5622222,石川県能美市,湧水
37,雲城水,35.4994444,135.7455555,福井県小浜市,地下水
38,本願清水,35.975,136.4913888,福井県大野市,湧水
39,熊川宿前川,35.4430555,135.9013888,福井県若狭町,用水
40,御岳昇仙峡,35.7380555,138.5638888,山梨県甲府市,河川
41,十日市場・夏狩湧水群,35.5405555,138.8852777,山梨県都留市,湧水
42,西沢渓谷,35.8672222,138.7369444,山梨県山梨市,河川
43,金峰山・瑞牆山源流,35.8652777,138.5311111,山梨県北杜市,河川
44,まつもと城下町湧水群,36.2338888,137.9763888,長野県松本市,湧水
45,観音霊水,35.3211111,137.9352777,長野県飯田市,湧水
46,木曽川源流の里水木沢,35.9997222,137.7358333,長野県木祖村,湧水・河川
47,龍興寺清水,36.8588888,138.4255555,長野県木島平村,湧水
48,達目洞（逆川上流）,35.4302777,136.795,岐阜県岐阜市,河川
49,加賀野八幡神社井戸,35.3744444,136.6352777,岐阜県大垣市,地下水
50,和良川,35.7519444,137.0966666,岐阜県郡上市,河川
51,馬瀬川上流,35.82,137.1872222,岐阜県下呂市,河川
52,安倍川,35.3055555,138.3380555,静岡県静岡市,河川
53,阿多古川,34.9011111,137.7641666,静岡県浜松市,河川
54,源兵衛川,35.1222222,138.9122222,静岡県三島市,用水
55,湧玉池,35.2275,138.6111111,静岡県富士宮市,湧水
56,鳥川ホタルの里湧水群,34.9033333,137.3344444,愛知県岡崎市,湧水
57,八曽滝,35.3580555,137.0366666,愛知県犬山市,河川
58,赤目四十八滝,34.5611111,136.0891666,三重県名張市,河川
59,堂来清水,35.4861111,136.3147222,滋賀県長浜市,湧水
60,針江の生水,35.36,136.0452777,滋賀県高島市,湧水
61,居醒の清水,35.3275,136.3486111,滋賀県米原市,湧水
62,山比古湧水,35.1569444,136.3044444,滋賀県愛荘町,湧水
63,大杉の清水,35.5061111,135.4655555,京都府舞鶴市,湧水
64,真名井の清水,35.4263888,135.3302777,京都府舞鶴市,湧水
65,玉川,34.7986111,135.8066666,京都府井手町,河川
66,松か井の水,35.0983333,134.8575,兵庫県多可町,湧水
67,かつらの千年水,35.42,134.5708333,兵庫県香美町,湧水
68,曽爾高原湧水群,34.5233333,136.15,奈良県曽爾村,湧水
69,七滝八壷,34.3777777,136.0480555,奈良県東吉野村,河川
70,熊野川（川の古道）,33.7247222,135.9644444,和歌山県新宮市,河川
71,那智の滝,33.6752777,135.8875,和歌山県那智勝浦町,河川
72,古座川,33.5341666,135.7880555,和歌山県古座川町・串本町,河川
73,布勢の清水,35.4569444,134.035,鳥取県鳥取市,湧水
74,宇野地蔵ダキ,35.5069444,133.8980555,鳥取県湯梨浜町,湧水
75,地蔵滝の泉,35.3875,133.4680555,鳥取県伯耆町,湧水
76,浜山湧水群,35.38,132.7105555,島根県出雲市,湧水
77,鷹入の滝,35.2622222,133.2752777,島根県安来市,河川
78,一本杉の湧水,34.3725,131.9966666,島根県吉賀町,湧水
79,夏日の極上水,35.1008333,133.5322222,岡山県新見市,湧水
80,桂の滝,34.1833333,132.7352777,広島県呉市,河川
81,八王子よみがえりの水,34.6330555,132.5175,広島県北広島町,地下水
82,三明戸湧水・阿字雄の滝,34.4580555,131.4591666,山口県萩市,湧水
83,潮音洞・清流通り,34.2361111,131.815,山口県周南市,用水
84,海部川,33.6891666,134.2669444,徳島県海陽町,河川
85,楠井の泉,34.2905555,133.97,香川県高松市,湧水
86,つづら淵,33.9675,133.2780555,愛媛県新居浜市,湧水
87,鏡川,33.5980555,133.4697222,高知県高知市,河川
88,黒尊川,33.0880555,132.7761111,高知県四万十市,河川
89,岩屋湧水,33.4302777,130.8811111,福岡県東峰村,湧水
90,水前寺江津湖湧水群,32.7794444,130.7394444,熊本県熊本市,湧水
91,金峰山湧水群,32.8336111,130.6813888,熊本県熊本市・玉名市,湧水
92,南阿蘇村湧水群,32.8336111,131.0408333,熊本県南阿蘇村,湧水
93,六嘉湧水群・浮島,32.7555555,130.7777777,熊本県嘉島町,湧水
94,下園妙見様湧水,33.2358333,131.0933333,大分県玖珠町,湧水
95,妙見神水,32.6288888,131.1594444,宮崎県五ヶ瀬町,湧水
96,甲突池,31.7316666,130.4558333,鹿児島県鹿児島市,湧水
97,唐船峡京田湧水,31.2194444,130.5436111,鹿児島県指宿市,湧水
98,普現堂湧水源,31.4694444,131.0375,鹿児島県志布志市,湧水
99,ジッキョヌホー,27.3375,128.58,鹿児島県知名町,湧水
100,荻道大城湧水群,26.2911111,127.7988888,沖縄県北中城村,湧水
1,山吹,39.0255555,141.39,岩手県一関市,やまぶき,山吹
2,沢尻,37.9391666,140.7011111,宮城県丸森町,さわじり,大張4区
3,西山,38.8608333,140.9416666,宮城県栗原市,にしやま,西山地区
4,椹平,38.3141666,140.1455555,山形県朝日町,くぬぎだいら,能中
5,大蕨,38.2908333,140.2133333,山形県山辺町,おおわらび,大蕨
6,四ヶ村の棚田,38.6227777,140.2311111,山形県大蔵村,しかむらのたなだ,沼の台・滝の沢・豊牧
7,石畑,36.5922222,140.2052777,栃木県茂木町,いしばたけ,入郷
8,国見,36.6005555,140.1897222,栃木県那須烏山市,くにみ,国見
9,大山千枚田,35.1316666,139.9625,千葉県鴨川市,おおやませんまいだ,平塚･釜沼
10,宇坪入,36.3502777,138.4291666,長野県小諸市,うつぼいり,菱野
11,稲倉,36.4127777,138.3205555,長野県上田市,いなくら,岩清水
12,姫子沢,36.3833333,138.3441666,長野県東御市,ひめこざわ,姫子沢
13,滝の沢,36.38,138.3738888,長野県東御市,たきのさわ,滝の沢
14,よこね田んぼ,35.4241666,137.8769444,長野県飯田市,よこねたんぼ,芋平・野池
15,重太郎,36.4911111,137.9161111,長野県大町市,じゅうたろう,大平･笹尾･一ノ瀬
16,青鬼,36.7191666,137.895,長野県白馬村,あおに,青鬼
17,慶師沖,36.5219444,137.9991666,長野県長野市,けいしおき,慶師
18,根越沖,36.4952777,137.9677777,長野県長野市,ねごしおき,根越・下大岡･日向
19,原田沖,36.4755555,137.9791666,長野県長野市,はらだおき,笹久
20,姨捨,36.5022222,138.0955555,長野県千曲市,おばすて,姨捨・代･八幡・羽尾
21,塩本,36.5577777,138.0127777,長野県長野市,しおもと,塩本
22,栃倉,36.6419444,138.0063888,長野県長野市,とちくら,太田･清水･高福寺
23,大西,36.6427777,138.0347222,長野県長野市,おおにし,横道・古屋敷・乗出合
24,田沢沖,36.6313888,138.0072222,長野県長野市,たざわおき,沢尻・峰奈良井
25,福島新田,36.8838888,138.4275,長野県飯山市,ふくしましんでん,福島
26,久留女木の棚田,34.9044444,137.6986111,静岡県浜松市,くるめきのたなだ,久留女木
27,大栗安の棚田,34.9427777,137.7338888,静岡県浜松市,おおぐりやすのたなだ,大栗安
28,荒原の棚田,34.8925,138.9444444,静岡県伊豆市,あらはらのたなだ,長野
29,下ノ段の棚田,34.8863888,138.9025,静岡県伊豆市,したのだんのたなだ,金山
30,北山の棚田,34.9661111,138.8119444,静岡県沼津市,きたやまのたなだ,新田
31,上船倉の棚田,37.0808333,138.4991666,新潟県上越市,かみふなくらのたなだ,上船倉
32,狐塚の棚田,37.0516666,138.5941666,新潟県十日町市,きつねづかのたなだ,天水越
33,蓮野の棚田,37.0730555,138.5166666,新潟県上越市,はすののたなだ,菖蒲
34,花坂の棚田,37.1972222,138.5761111,新潟県柏崎市,はなさかのたなだ,大野
35,梨ノ木田の棚田,37.225,138.6077777,新潟県柏崎市,なしのきだのたなだ,磯之辺
36,大開の棚田,37.1877777,138.6136111,新潟県柏崎市,おおびらきのたなだ,門出
37,北五百川の棚田,37.545,139.1366666,新潟県三条市,きたいもがわのたなだ,北五百川
38,長坂,36.9444444,136.9913888,富山県氷見市,ながさか,長坂
39,三乗,36.5544444,137.1191666,富山県富山市,みのり,乗嶺・下乗嶺・新名
40,奥山田,36.6763888,136.8125,石川県津幡町,おくやまだ,九折
41,大笹波水田,37.1916666,136.6880555,石川県志賀町,おおささなみすいでん,笹波
42,白米の千枚田,37.4247222,136.9997222,石川県輪島市,しらよねのせんまいだ,白米
43,梨ヶ平地区千枚田,35.9883333,135.9694444,福井県越前町,なしがだいらちくせんまいだ,梨子ヶ平
44,日引,35.5419444,135.4722222,福井県高浜町,ひびき,日引
45,正ヶ洞,35.9430555,136.8386111,岐阜県郡上市,しょうがはら,前谷
46,上代田,35.5088888,137.145,岐阜県八百津町,かみだいだ,北山
47,坂折,35.5211111,137.2836111,岐阜県恵那市,さかおり,坂折
48,田頃家,36.2513888,137.4944444,岐阜県高山市,たどころけ,田頃家
49,ナカイ田,36.0386111,137.2894444,岐阜県高山市,なかいだ,小坊
50,四谷千枚田,35.0522222,137.5711111,愛知県新城市,よつやせんまいだ,大林・大代
51,長江の棚田,35.1094444,137.595,愛知県設楽町,ながえのたなだ,長江
52,丸山千枚田,33.8777777,135.9536111,三重県熊野市,まるやませんまいだ,丸山
53,深野のだんだん田,34.4883333,136.4011111,三重県松阪市,ふかののだんだんた,深野・上郷
54,坂本,34.9261111,136.4136111,三重県亀山市,さかもと,坂本
55,畑の棚田,35.2977777,135.9291666,滋賀県高島市,はたのたなだ,畑
56,毛原,35.4469444,135.1611111,京都府福知山市,けはら,毛原
57,袖志,35.7622222,135.2036111,京都府京丹後市,そでし,袖志
58,下赤阪の棚田,34.4588888,135.6213888,大阪府千早赤阪村,しもあかさかのたなだ,森屋・下赤阪
59,長谷の棚田,34.9652777,135.3705555,大阪府能勢町,ながたにのたなだ,長谷
60,岩座神,35.1283333,134.8888888,兵庫県多可町,いさりがみ,岩座神
61,乙大木谷,35.0352777,134.3272222,兵庫県佐用町,おつおおきだに,乙大木谷
62,うへ山,35.4369444,134.5302777,兵庫県香美町,うへやま,貫田
63,西ヶ岡,35.505,134.5802777,兵庫県香美町,にしがおか,和佐父
64,神奈備の郷（稲淵）,34.4588888,135.8197222,奈良県明日香村,かんなびのさと（いなぶち）,稲渕
65,蘭島,34.0919444,135.4208333,和歌山県有田川町,あらぎじま,西の里
66,横尾,35.5116666,134.4,鳥取県岩美町,よこお,洗井・横尾・蕉島
67,舂米,35.3566666,134.4858333,鳥取県若桜町,つくよね,つく米
68,中垣内,34.6427777,131.7513888,島根県益田市,なかがうち,下平
69,山王寺,35.3583333,133.0058333,島根県雲南市,さんのうじ,本郷
70,大原新田,35.1255555,133.0702777,島根県奥出雲町,おおはらしんでん,大原
71,神谷,34.8708333,132.6577777,島根県邑南町,かんだに,神谷
72,都川,34.8444444,132.3244444,島根県浜田市,つかわ,都川
73,室谷,34.8102777,132.0147222,島根県浜田市,むろだに,上室谷・下室谷・諸谷
74,大井谷,34.4622222,131.8469444,島根県吉賀町,おおいだに,大井谷
75,北庄,34.9608333,133.9383333,岡山県久米南町,きたしょう,北庄
76,上籾,34.9422222,133.9163888,岡山県久米南町,かみもみ,上籾
77,小山,34.9830555,133.8855555,岡山県美咲町,こやま,小山下
78,大垪和西棚田,34.9566666,133.8786111,岡山県美咲町,おおはがにしたなだ,大垪和西・西下・中興
79,井仁,34.5594444,132.2827777,広島県安芸太田町,いに,井仁
80,東後畑,34.4125,131.0580555,山口県長門市,ひがしうしろばた,東後畑
81,樫原の棚田,33.8883333,134.3783333,徳島県上勝町,かしはらのたなだ,樫原
82,下影,33.9886111,133.8697222,徳島県三好市,しもかげ,下影
83,中山千枚田,34.505,134.24,香川県小豆島町,なかやませんまいだ,中山
84,泉谷,33.5163888,132.7172222,愛媛県内子町,いずみたに,泉谷
85,堂の坂,33.3733333,132.6913888,愛媛県西予市,どうのさこ,田穂東
86,奥内,33.2497222,132.7427777,愛媛県松野町,おくうち,奥内
87,千枚田,33.3905555,132.955,高知県檮原町,せんまいだ,神在居
88,広内・上原地区棚田,33.2680555,130.75,福岡県八女市,ひろうち・うえばるちくたなだ,広内・上原
89,葛籠棚田,33.2677777,130.8244444,福岡県うきは市,つづらたなだ,葛篭
90,白川,33.4619444,130.6711111,福岡県朝倉市,しらかわ,甘水
91,竹,33.4391666,130.8747222,福岡県東峰村,たけ,竹
92,蕨野の棚田,33.2944444,130.0344444,佐賀県唐津市,わらびののたなだ,蕨野
93,大浦の棚田,33.4144444,129.8661111,佐賀県唐津市,おおうらのたなだ,大浦浜･大浦岡・満越
94,浜野浦の棚田,33.4919444,129.8488888,佐賀県玄海町,はまのうらのたなだ,浜野浦
95,岳の棚田,33.2325,129.8286111,佐賀県有田町,たけのたなだ,岳
96,江里山の棚田,33.3263888,130.1936111,佐賀県小城市,えりやまのたなだ,江里山
97,西の谷の棚田,33.4230555,130.1913888,佐賀県佐賀市,にしのたにのたなだ,大串
98,鬼木棚田,33.1194444,129.9213888,長崎県波佐見町,おにきたなだ,鬼木
99,土谷棚田,33.3897222,129.8163888,長崎県松浦市,どやたなだ,土谷
100,日向の棚田,33.0988888,129.9083333,長崎県川棚町,ひなたのたなだ,木場
101,大中尾棚田,32.8844444,129.6966666,長崎県長崎市,おおなかおたなだ,大中尾
102,谷水,32.6277777,130.2236111,長崎県南島原市,たにみず,白木野
103,清水棚田,32.7558333,130.245,長崎県雲仙市,しみずたなだ,岳
104,扇棚田,33.025,131.21,熊本県産山村,おうぎたなだ,乙宮
105,日光の棚田,32.4408333,130.705,熊本県八代市,にちこうのたなだ,日光
106,天神木場の棚田,32.5172222,130.72,熊本県八代市,てんじんこばのたなだ,箱石
107,美生の棚田,32.5111111,130.7341666,熊本県八代市,びしょうのたなだ,美生
108,大作山の千枚田,32.4069444,130.3713888,熊本県上天草市,おおさくやまのせんまいだ,大作山
109,静趣活創棚田・番所,33.0875,130.8011111,熊本県山鹿市,せいしゅかっそうたなだ・ばんしょ,御番所
110,鬼の口棚田,32.2363888,130.6458333,熊本県球磨村,おにのくちたなだ,中屋
111,松谷棚田,32.2252777,130.665,熊本県球磨村,まつたにたなだ,松谷
112,寒川地区棚田,32.1777777,130.5405555,熊本県水俣市,さむかわたなだ,寒川
113,峰棚田,32.7127777,130.9125,熊本県山都町,みねたなだ,峯
114,菅迫田,32.6502777,131.0172222,熊本県山都町,すげさこだ,菅上・菅下・囲
115,由布川奥詰,33.2261111,131.4663888,大分県由布市,ゆふがわおくづめ,詰
116,内成棚田,33.2325,131.4913888,大分県別府市,うちなりたなだ,内成西・内成東
117,軸丸,32.9816666,131.4491666,大分県豊後大野市,じくまる,軸丸北
118,山浦早水,33.2652777,131.0730555,大分県玖珠町,やまうらそうず,山浦早水
119,両合棚田,33.3647222,131.3133333,大分県宇佐市,りょうあいたなだ,小平・滝貞
120,羽高棚田,33.4425,131.045,大分県中津市,はだかたなだ,羽高
121,真幸棚田,32.0725,130.7302777,宮崎県えびの市,まさきたなだ,西内堅
122,尾戸の口（神々の里）,32.7066666,131.3397222,宮崎県高千穂町,おとのくち（かみがみのさと）,大平
123,栃又,32.7111111,131.3313888,宮崎県高千穂町,とちまた,中川登
124,徳別当,32.6911111,131.2836111,宮崎県高千穂町,とくべっとう,徳別当大地ヶ谷
125,石垣の村,32.7002777,131.4011111,宮崎県日之影町,いしがきのむら,戸川
126,鳥の巣,32.6722222,131.2191666,宮崎県五ヶ瀬町,とりのす,宮の原・中村
127,下の原,32.6655555,131.2463888,宮崎県五ヶ瀬町,しものはる,内の口
128,日蔭,32.6430555,131.1611111,宮崎県五ヶ瀬町,ひぞえ,寺村・東光寺
129,坂元棚田,31.6538888,131.2586111,宮崎県日南市,さかもとたなだ,坂元
130,向江棚田,32.2647222,131.1297222,宮崎県西米良村,むかえたなだ,上米良下
131,春の平棚田,32.2425,131.155,宮崎県西米良村,はるのひらたなだ,竹原下
132,内之尾,31.7472222,130.4558333,鹿児島県薩摩川内市,うちのお,内之尾
133,くりの町幸田の棚田,31.9425,130.6738888,鹿児島県湧水町,くりのまちこうだのたなだ,幸田
134,佃,31.2697222,130.4886111,鹿児島県南九州市,つくだ,佃
